{"epoch/epoch":400,"epoch/val-RMSE":0.15813912289888266,"_timestamp":1.7384170917536397e+09,"validation/score":1.3659526419223396,"validation/loss":0.025007982191227917,"epoch/train-RMSE":0.15875220414819893,"epoch/val-loss":0.025007982191227917,"epoch/val-score":1.3659526419223396,"epoch/train-loss":0.025202262321911428,"_wandb":{"runtime":2014},"_step":400,"validation/RMSE_rul":19.767390329009302,"_runtime":2014.1867637,"validation/loss_rul":390.74972041941044,"validation/RMSE":0.15813912289888266,"validation/score_rul":1439.1412025843595,"train/RMSE":0.14895104991228122,"train/loss":0.022186415269970894}