{"train/RMSE":0.15978063755339558,"epoch/epoch":10,"validation/RMSE_rul":15.852235677198253,"epoch/train-loss":0.018336194931198615,"_timestamp":1.7384032746843357e+09,"validation/loss":0.01608277598179094,"epoch/train-RMSE":0.13541120681538368,"epoch/val-score":1.0538505808078389,"_runtime":18.0660558,"validation/score_rul":569.24113631583,"_step":10,"epoch/val-loss":0.01608277598179094,"train/loss":0.025529852136969566,"validation/RMSE":0.12681788510218478,"epoch/val-RMSE":0.12681788510218478,"validation/loss_rul":251.29337596543715,"validation/score":1.0538505808078389,"_wandb":{"runtime":18}}