{"_timestamp":1.738760737170144e+09,"epoch/val-RMSE":0.06581087149974342,"validation/score":0.271367277682868,"validation/RMSE":0.06581087149974342,"_step":700,"epoch/epoch":700,"epoch/train-RMSE":0.042332343908068074,"epoch/val-score":0.271367277682868,"train/loss":0.003212345065549016,"validation/loss":0.004331070807555741,"epoch/val-loss":0.004331070807555741,"train/RMSE":0.056677553454158695,"validation/score_rul":74.5729056419696,"epoch/train-loss":0.001792027340750948,"validation/RMSE_rul":8.226358983257274,"_runtime":6156.3622447,"validation/loss_rul":67.67298212141765,"_wandb":{"runtime":6156}}