{"epoch/train-loss":0.575005841149693,"_timestamp":1.7386929550570135e+09,"validation/loss":0.5822829410138044,"_step":10,"epoch/epoch":10,"validation/loss_rul":9098.170902017366,"epoch/val-score":3.485429094498053,"validation/score":3.485429094498053,"validation/RMSE_rul":95.38433258149561,"epoch/val-RMSE":0.7630746628042399,"_runtime":24.6511469,"validation/RMSE":0.7630746628042399,"epoch/train-RMSE":0.7582913959354234,"_wandb":{"runtime":24},"epoch/val-loss":0.5822829410138044,"train/RMSE":0.781002806657249,"validation/score_rul":420171.6927735116,"train/loss":0.6099653840065002}