{"validation/score_rul":32656.476217845404,"validation/score":3.3912426476351394,"_wandb":{"runtime":18},"validation/loss_rul":1719.6630271011834,"epoch/val-loss":0.11005843427367042,"epoch/val-score":3.3912426476351394,"validation/RMSE":0.3317505603215621,"train/RMSE":0.35659051315366974,"epoch/epoch":10,"epoch/train-loss":0.11235204766281938,"_timestamp":1.738403254720181e+09,"validation/RMSE_rul":41.46881993861392,"epoch/val-RMSE":0.3317505603215621,"_runtime":18.0557336,"_step":10,"epoch/train-RMSE":0.3351895697404968,"validation/loss":0.11005843427367042,"train/loss":0.1271567940711975}