{"_wandb":{"runtime":2030},"epoch/train-RMSE":0.33481601594312416,"validation/score":3.4096619103020265,"epoch/train-loss":0.11210176453202636,"validation/loss_rul":1740.7504787591567,"validation/loss":0.1114080299760338,"epoch/val-score":3.4096619103020265,"validation/RMSE_rul":41.72230193504616,"_step":400,"validation/RMSE":0.33377841448487017,"train/loss":0.1308629959821701,"epoch/val-loss":0.1114080299760338,"train/RMSE":0.3617499080610389,"validation/score_rul":33047.330512001245,"_timestamp":1.738423185489302e+09,"epoch/val-RMSE":0.33377841448487017,"epoch/epoch":400,"_runtime":2030.6449189}