{"_wandb":{"runtime":781},"_timestamp":1.7384122535818632e+09,"epoch/epoch":400,"validation/RMSE":0.3329791975702239,"validation/score_rul":32931.40918005783,"train/loss":0.11093053221702576,"_step":400,"epoch/val-RMSE":0.3329791975702239,"validation/loss":0.11087514601451018,"epoch/train-loss":0.11216669734449664,"validation/score":3.395319084499717,"epoch/train-RMSE":0.3349129698063314,"epoch/val-loss":0.11087514601451018,"validation/RMSE_rul":41.62239937310591,"_runtime":781.7806843,"epoch/val-score":3.395319084499717,"validation/loss_rul":1732.4241295743268,"train/RMSE":0.3330623548481962}