{"epoch/val-loss":0.0025337375514325397,"_wandb":{"runtime":2520},"train/RMSE":0.024419652775655727,"validation/loss_rul":39.58964979518976,"validation/RMSE":0.050336244907944215,"validation/score":0.1957074648602645,"epoch/train-RMSE":0.03169923245426891,"_timestamp":1.7383414153831093e+09,"_step":400,"_runtime":2520.8977314,"validation/loss":0.0025337375514325397,"epoch/val-RMSE":0.050336244907944215,"epoch/epoch":400,"validation/RMSE_rul":6.292030657521446,"epoch/val-score":0.1957074648602645,"train/loss":0.0005963194416835904,"epoch/train-loss":0.001004841338189775,"validation/score_rul":49.94830567481215}