{"epoch/val-loss":60.421951078606284,"epoch/train-data-loss":38.009648534791026,"_timestamp":1.738697488485493e+09,"train/score":3469.171875,"epoch/train-score":47876.86130955252,"epoch/train-loss":76.40874499159615,"epoch/val-data-loss":30.210975539303142,"_wandb":{"runtime":42},"train/physics-loss":15.747941017150879,"epoch/epoch":4,"_runtime":42.1310323,"train/loss":50.082130432128906,"epoch/val-physics-loss":15.127347166404178,"epoch/train-physics-loss":7.126160276563371,"train/data-loss":25.041065216064453,"epoch/val-score":68574.16229327454,"_step":1136}