{"epoch/val-RMSE":0.33296587293269897,"validation/loss":0.11086627253783425,"_wandb":{"runtime":782},"_runtime":782.8542907,"validation/score":3.3952716300406447,"validation/loss_rul":1732.28551096525,"train/loss":0.11738231033086777,"validation/score_rul":33419.68811771189,"epoch/epoch":400,"_timestamp":1.738407606125417e+09,"epoch/train-loss":0.11218033836290296,"validation/RMSE_rul":41.62073414736037,"train/RMSE":0.34261101898635393,"_step":400,"epoch/val-loss":0.11086627253783425,"validation/RMSE":0.33296587293269897,"epoch/train-RMSE":0.33493333420682836,"epoch/val-score":3.3952716300406447}