{"_step":700,"validation/score_rul":39.72635444993093,"epoch/train-loss":0.0017374012397284424,"validation/loss":0.0013473079174970673,"validation/RMSE_rul":4.588211631722065,"epoch/val-score":0.13901466587237885,"train/RMSE":0.034121052652453264,"validation/loss_rul":21.051685977469656,"epoch/epoch":700,"train/loss":0.0011642462341114879,"validation/score":0.13901466587237885,"_wandb":{"runtime":5994},"epoch/val-RMSE":0.03670569325727369,"_timestamp":1.7387545785934744e+09,"validation/RMSE":0.03670569325727369,"epoch/val-loss":0.0013473079174970673,"epoch/train-RMSE":0.04168214533500456,"_runtime":5994.7571505}