{"train/score":9351.9169921875,"epoch/val-score":52274.92346420204,"train/data-loss":37.37103271484375,"epoch/train-physics-loss":0.08394888608301426,"_runtime":42.4096627,"_wandb":{"runtime":42},"train/physics-loss":0.14020437002182007,"train/loss":74.7420654296875,"_timestamp":1.7386978437838829e+09,"epoch/val-physics-loss":0.13878208722471533,"epoch/train-data-loss":41.23207498516086,"_step":4,"epoch/train-loss":82.46414997032171,"epoch/val-data-loss":40.960339871104786,"epoch/train-score":50272.1483357282,"epoch/val-loss":81.92067974220957,"epoch/epoch":4}