{"_runtime":111.822043,"train/loss":0.05707964301109314,"epoch/val-RMSE":0.2055398678775822,"validation/loss_rul":660.1037177442137,"validation/score":1.9273169069694462,"validation/loss":0.042246637287133945,"train/RMSE":0.23891346343622652,"epoch/val-score":1.9273169069694462,"epoch/epoch":10,"validation/RMSE":0.2055398678775822,"_step":10,"epoch/train-RMSE":0.22552139996301016,"_wandb":{"runtime":111},"epoch/train-loss":0.050859901841276,"validation/RMSE_rul":25.69248368189058,"epoch/val-loss":0.042246637287133945,"validation/score_rul":3511.53423353238,"_timestamp":1.738403465129353e+09}