{"train/loss":0.04950748011469841,"train/RMSE":0.22250276428552165,"epoch/train-RMSE":0.22448204064469438,"epoch/epoch":10,"validation/RMSE":0.20379642373809584,"_timestamp":1.7384046984243855e+09,"validation/score_rul":3669.1409177982778,"epoch/val-score":1.9047364592135994,"epoch/train-loss":0.05039218657200621,"validation/loss":0.04153298232843751,"epoch/val-loss":0.04153298232843751,"epoch/val-RMSE":0.20379642373809584,"_wandb":{"runtime":92},"_step":10,"validation/RMSE_rul":25.474552988090167,"_runtime":92.2025034,"validation/loss_rul":648.9528499430136,"validation/score":1.9047364592135994}