{"validation/loss_rul":395.6897049277441,"validation/loss":0.025324140919785843,"epoch/val-score":1.422090311644975,"epoch/train-RMSE":0.15287886609704418,"epoch/val-RMSE":0.15913560544323777,"validation/score_rul":2787.6481330852557,"train/loss":0.017425816506147385,"validation/score":1.422090311644975,"epoch/val-loss":0.025324140919785843,"_runtime":2024.5604194,"epoch/train-loss":0.023371947699117962,"_timestamp":1.7384292641505718e+09,"_step":400,"_wandb":{"runtime":2024},"train/RMSE":0.13200688052577936,"validation/RMSE":0.15913560544323777,"epoch/epoch":400,"validation/RMSE_rul":19.89195075722198}