{"_runtime":2023.0286755,"validation/score_rul":36828.32690052213,"train/RMSE":0.3216063257719759,"_wandb":{"runtime":2023},"_timestamp":1.7384272364199252e+09,"train/loss":0.10343062877655029,"epoch/train-loss":0.11208245804543605,"epoch/val-RMSE":0.33375131817229525,"epoch/epoch":400,"validation/loss_rul":1740.4678713372818,"epoch/train-RMSE":0.33478718321560047,"validation/RMSE":0.33375131817229525,"validation/RMSE_rul":41.71891503068221,"epoch/val-score":3.4091769810150985,"_step":400,"validation/loss":0.11138994238174467,"validation/score":3.4091769810150985,"epoch/val-loss":0.11138994238174467}