{"validation/score_rul":35148.3987852634,"validation/RMSE":0.3337320522232181,"epoch/epoch":400,"validation/RMSE_rul":41.71650579622201,"_timestamp":1.7384150754319298e+09,"_wandb":{"runtime":2030},"_runtime":2030.1689476,"epoch/val-score":3.4092868685068334,"_step":400,"validation/score":3.4092868685068334,"train/RMSE":0.3494756645372058,"epoch/train-loss":0.11209311737835638,"validation/loss":0.11137708268112077,"validation/loss_rul":1740.2668558462242,"epoch/val-loss":0.11137708268112077,"epoch/train-RMSE":0.3348031024025261,"epoch/val-RMSE":0.3337320522232181,"train/loss":0.12213324010372162}