{"epoch/train-loss":0.1121688968915252,"epoch/train-RMSE":0.3349162535493391,"validation/RMSE_rul":41.62000164332229,"train/RMSE":0.322724818593999,"validation/loss":0.11086236907120013,"train/loss":0.10415130853652954,"validation/score_rul":33724.65143841447,"epoch/val-RMSE":0.3329600112193657,"_wandb":{"runtime":779},"_step":400,"epoch/val-score":3.395243669005264,"_timestamp":1.7384130352152402e+09,"validation/loss_rul":1732.2245367901498,"epoch/epoch":400,"_runtime":779.5943872,"epoch/val-loss":0.11086236907120013,"validation/score":3.395243669005264,"validation/RMSE":0.3329600112193657}