{"validation/loss":0.11009366580240043,"epoch/train-loss":0.11237963605318901,"train/loss":0.12799417972564697,"_timestamp":1.7384033548674262e+09,"epoch/train-RMSE":0.3352307206286277,"_runtime":17.3954222,"validation/loss_rul":1720.2135320072032,"validation/RMSE":0.3318036554988514,"validation/score":3.3914898669971345,"epoch/val-score":3.3914898669971345,"_wandb":{"runtime":17},"validation/score_rul":31553.424923810595,"epoch/epoch":10,"_step":10,"train/RMSE":0.3577627422268101,"validation/RMSE_rul":41.47545698370548,"epoch/val-loss":0.11009366580240043,"epoch/val-RMSE":0.3318036554988514}