{"train/loss":0.0009693609899841249,"validation/score":0.08598212247370408,"epoch/val-RMSE":0.023037710893155445,"validation/loss_rul":8.29275174177698,"epoch/val-score":0.08598212247370408,"_runtime":1670.5212636,"epoch/train-RMSE":0.03281137677935409,"validation/RMSE_rul":2.8797138298409064,"_timestamp":1.73874692052351e+09,"epoch/epoch":500,"train/RMSE":0.031134562627153202,"epoch/train-loss":0.001076586446156737,"_step":500,"validation/RMSE":0.023037710893155445,"_wandb":{"runtime":1670},"validation/loss":0.000530736123196613,"epoch/val-loss":0.000530736123196613,"validation/score_rul":13.683265517385129}