{"validation/loss_rul":1732.786469705577,"_runtime":776.2729952,"_timestamp":1.7384083845604608e+09,"validation/score_rul":37298.34628084116,"train/RMSE":0.3318398765613074,"epoch/epoch":400,"epoch/train-RMSE":0.33490815599465407,"_step":400,"epoch/val-score":3.3960107707024947,"validation/score":3.3960107707024947,"train/loss":0.11011770367622375,"validation/RMSE":0.33301401562426536,"validation/RMSE_rul":41.62675185149061,"_wandb":{"runtime":776},"epoch/train-loss":0.11216347295173953,"validation/loss":0.11089833460219846,"epoch/val-RMSE":0.33301401562426536,"epoch/val-loss":0.11089833460219846}