{"_runtime":1648.9046122,"_step":500,"validation/loss_rul":11.30865018965396,"validation/RMSE_rul":3.3628336547700304,"validation/RMSE":0.026902668954110295,"epoch/epoch":500,"epoch/train-RMSE":0.03664754466456971,"epoch/val-RMSE":0.026902668954110295,"epoch/val-loss":0.0007237535968544499,"validation/score_rul":15.186859095176453,"train/loss":0.0014789769193157554,"_timestamp":1.7387485715383272e+09,"validation/loss":0.0007237535968544499,"train/RMSE":0.038457468966583794,"epoch/val-score":0.0907103904896026,"_wandb":{"runtime":1648},"validation/score":0.0907103904896026,"epoch/train-loss":0.0013430425299416318}