{"validation/score":3.414028781453273,"epoch/val-loss":0.11184238190811471,"_timestamp":1.7384047915454965e+09,"validation/RMSE_rul":41.80355513017274,"_step":10,"validation/RMSE":0.33442844063882293,"validation/loss":0.11184238190811471,"epoch/train-RMSE":0.3347129809936724,"_wandb":{"runtime":56},"epoch/train-loss":0.11203277964567052,"train/loss":0.10498668998479843,"epoch/epoch":10,"epoch/val-score":3.414028781453273,"_runtime":56.2757602,"epoch/val-RMSE":0.33442844063882293,"validation/score_rul":30824.422167238154,"train/RMSE":0.3240164964701619,"validation/loss_rul":1747.5372215213918}