{"epoch/val-loss":0.016910995336579266,"validation/score":0.5506182014317881,"_runtime":125.8694031,"validation/RMSE_rul":16.25528538435315,"_timestamp":1.7383372048821557e+09,"train/loss":0.017507558688521385,"epoch/val-RMSE":0.13004228287975902,"validation/loss":0.016910995336579266,"_step":20,"validation/loss_rul":264.2343029267651,"_wandb":{"runtime":125},"validation/score_rul":596.106288814402,"epoch/epoch":20,"epoch/val-score":0.5506182014317881,"epoch/train-loss":0.019562835885282178,"epoch/train-RMSE":0.13986720804134964,"validation/RMSE":0.13004228287975902,"train/RMSE":0.13231613162619812}