{"epoch/train-loss":0.020456270271541323,"validation/score_rul":619.8640404329752,"epoch/val-RMSE":0.16329750736688198,"validation/score":0.6770506060450452,"epoch/train-RMSE":0.1430254182708141,"validation/RMSE_rul":20.412188383179394,"validation/loss":0.02666607591223687,"_wandb":{"runtime":133},"_step":20,"validation/loss_rul":416.65743459040385,"_timestamp":1.738337049689931e+09,"epoch/epoch":20,"train/loss":0.015907254070043564,"_runtime":133.5586697,"validation/RMSE":0.16329750736688198,"epoch/val-score":0.6770506060450452,"epoch/val-loss":0.02666607591223687,"train/RMSE":0.12612396310790255}