{"validation/RMSE_rul":12.338870372125232,"validation/score_rul":108.26264504972865,"epoch/train-RMSE":0.05556913359278671,"_step":124000,"epoch/val-loss":0.009743854308844878,"_timestamp":1.7383302983574302e+09,"validation/RMSE":0.09871096346832442,"epoch/epoch":250,"_wandb":{"runtime":716},"validation/loss_rul":152.24772206010988,"epoch/val-score":0.42831666629906023,"train/RMSE":0.04848030663754342,"train/loss":0.0023503401316702366,"validation/loss":0.009743854308844878,"_runtime":716.7568192,"epoch/val-RMSE":0.09871096346832442,"validation/score":0.42831666629906023,"epoch/train-loss":0.0030879286082529764}