{"_timestamp":1.73833632735629e+09,"validation/loss":0.011349047317082844,"train/RMSE":0.059972125121804554,"epoch/epoch":20,"_runtime":51.4333945,"_step":20,"validation/RMSE":0.10653190750701333,"_wandb":{"runtime":51},"epoch/val-RMSE":0.10653190750701333,"train/loss":0.0035966557916253805,"validation/score_rul":252.11850076751844,"epoch/val-score":0.46313921619555604,"epoch/train-loss":0.010046290315030668,"validation/score":0.46313921619555604,"validation/loss_rul":177.3288655392576,"epoch/train-RMSE":0.10023118434414845,"validation/RMSE_rul":13.316488483802988,"epoch/val-loss":0.011349047317082844}