{"train/RMSE":0.33435085334223974,"_wandb":{"runtime":56},"epoch/train-loss":0.11202582807522729,"validation/RMSE_rul":41.78443114250129,"_runtime":56.7481158,"validation/score_rul":34779.71564058604,"epoch/train-RMSE":0.3347025964572538,"train/loss":0.1117904931306839,"_timestamp":1.7384048502137284e+09,"epoch/val-RMSE":0.3342754473132427,"validation/RMSE":0.3342754473132427,"epoch/val-score":3.413692482094515,"_step":10,"validation/loss_rul":1745.9386859024314,"validation/score":3.413692482094515,"epoch/epoch":10,"validation/loss":0.11174007467646849,"epoch/val-loss":0.11174007467646849}