{"_runtime":10483.1346484,"epoch/train-loss":47.12190665851703,"_step":400,"epoch/train-score":3986.4570613804985,"epoch/val-loss":53.84454278583957,"epoch/val-physics-loss":15.155317733621686,"_timestamp":1.738714528598178e+09,"epoch/train-data-loss":21.307964874681854,"epoch/epoch":400,"train/loss":53.67010498046875,"epoch/train-physics-loss":13.918019513808042,"train/data-loss":26.835052490234375,"train/physics-loss":15.42793083190918,"epoch/val-data-loss":26.922271392919786,"epoch/val-score":4797.431649923169,"train/score":3869.167236328125,"_wandb":{"runtime":10483}}