{"epoch/train-loss":0.005974101130150061,"_wandb":{"runtime":781},"_timestamp":1.738406821157094e+09,"epoch/epoch":400,"epoch/val-score":0.6087787400725336,"train/RMSE":0.06838334889323038,"_step":400,"validation/RMSE_rul":9.5561407730069,"epoch/val-RMSE":0.07644912565118749,"validation/score":0.6087787400725336,"validation/score_rul":171.48948514550423,"_runtime":781.7528409,"validation/loss":0.005844468812831052,"train/loss":0.0046762824058532715,"validation/RMSE":0.07644912565118749,"epoch/train-RMSE":0.07729230964429812,"epoch/val-loss":0.005844468812831052,"validation/loss_rul":91.31982647352493}