{"_step":400,"epoch/val-score":0.2817545002080324,"epoch/train-RMSE":0.040642472989854336,"_runtime":1010.5685786,"epoch/epoch":400,"train/RMSE":0.03023292056701955,"epoch/val-RMSE":0.06000822155757516,"_timestamp":1.7383388895040734e+09,"validation/RMSE":0.06000822155757516,"validation/score_rul":57.27525044994429,"_wandb":{"runtime":1010},"train/loss":0.0009140294860117137,"epoch/train-loss":0.0016518106107310394,"validation/loss_rul":56.265416870194336,"validation/score":0.2817545002080324,"epoch/val-loss":0.0036009866545030278,"validation/loss":0.0036009866545030278,"validation/RMSE_rul":7.501027720932268}