{"_runtime":16.8967816,"validation/RMSE":0.33207517358604777,"epoch/val-RMSE":0.33207517358604777,"validation/RMSE_rul":41.509396617205915,"_timestamp":1.7384033931661413e+09,"epoch/val-loss":0.11027392091220375,"train/loss":0.12078499794006348,"epoch/train-RMSE":0.33517261156373546,"epoch/train-loss":0.11234067954245469,"validation/loss":0.11027392091220375,"_wandb":{"runtime":16},"train/RMSE":0.3475413614809948,"_step":10,"validation/score_rul":28787.9313850967,"validation/score":3.392761837379804,"epoch/epoch":10,"validation/loss_rul":1723.0300075245061,"epoch/val-score":3.392761837379804}