{"epoch/val-loss":0.11085867649526998,"validation/score_rul":34975.580279584996,"_step":400,"validation/loss_rul":1732.1667913910171,"epoch/val-RMSE":0.33295446609899976,"validation/RMSE":0.33295446609899976,"epoch/train-RMSE":0.3349173650931653,"validation/RMSE_rul":41.61930791581015,"validation/score":3.3954873220038433,"_wandb":{"runtime":682},"_runtime":682.4287999,"train/RMSE":0.35100920901621097,"epoch/epoch":400,"epoch/train-loss":0.11216964144094856,"train/loss":0.1232074648141861,"validation/loss":0.11085867649526998,"epoch/val-score":3.3954873220038433,"_timestamp":1.7384060372205365e+09}