{"validation/RMSE_rul":17.21334059381504,"_runtime":50.6564115,"_wandb":{"runtime":50},"_timestamp":1.7383353478427744e+09,"epoch/val-RMSE":0.13770672481380405,"validation/loss_rul":296.2990943986808,"validation/score_rul":222.96030426989793,"epoch/train-RMSE":0.10333107501957653,"epoch/epoch":20,"epoch/train-loss":0.010677311064701354,"train/RMSE":0.07990094972288184,"epoch/val-loss":0.018963142058944758,"epoch/val-score":0.5676198368382325,"train/loss":0.00638416176661849,"_step":20,"validation/RMSE":0.13770672481380405,"validation/loss":0.018963142058944758,"validation/score":0.5676198368382325}