{"epoch/val-physics-loss":13.573496721387567,"epoch/train-score":13397.436094339206,"train/physics-loss":6.998114109039307,"epoch/val-loss":44.27399795683637,"epoch/val-data-loss":22.136998978418184,"_wandb":{"runtime":104},"_runtime":104.9906586,"epoch/train-physics-loss":10.398746879468604,"train/score":1020.385986328125,"epoch/train-data-loss":25.00142903626417,"epoch/train-loss":50.00285807252834,"_step":2860,"epoch/epoch":10,"_timestamp":1.738696461837482e+09,"train/data-loss":20.684282302856445,"epoch/val-score":4846.747008294859,"train/loss":41.36856460571289}