{"_timestamp":1.738433329283981e+09,"_wandb":{"runtime":2033},"validation/loss":0.025751538722964,"epoch/train-RMSE":0.1593250945507851,"train/loss":0.022466493770480156,"epoch/epoch":400,"epoch/val-score":1.4377634714369167,"_runtime":2033.6383384,"train/RMSE":0.1498882709570037,"validation/RMSE_rul":20.0591075459007,"validation/score_rul":2521.4155697182823,"epoch/train-loss":0.025384485753616612,"validation/RMSE":0.1604728597706291,"validation/loss_rul":402.36779553801045,"epoch/val-loss":0.025751538722964,"_step":400,"epoch/val-RMSE":0.1604728597706291,"validation/score":1.4377634714369167}