{"epoch/val-RMSE":0.061263363073407844,"_step":400,"epoch/train-loss":0.0034475496931262927,"validation/RMSE_rul":7.657920444370342,"train/loss":0.0029905028641223907,"epoch/epoch":400,"epoch/train-RMSE":0.05871583852016671,"epoch/val-loss":0.0037531996550641917,"train/RMSE":0.05468549043505407,"validation/RMSE":0.061263363073407844,"_timestamp":1.738409940558197e+09,"_runtime":771.4801773,"epoch/val-score":0.4950952955450184,"validation/score_rul":126.78006803695568,"_wandb":{"runtime":771},"validation/loss":0.0037531996550641917,"validation/score":0.4950952955450184,"validation/loss_rul":58.64374553230526}