{"_runtime":780.152096,"_wandb":{"runtime":780},"epoch/val-loss":0.11090200413510555,"train/loss":0.10386776924133301,"epoch/train-loss":0.112201096496148,"validation/score":3.3954264652622044,"validation/RMSE_rul":41.62744032992934,"validation/loss":0.11090200413510555,"epoch/val-score":3.3954264652622044,"train/RMSE":0.32228522963569556,"_timestamp":1.7384091668378081e+09,"validation/loss_rul":1732.8437884218276,"epoch/epoch":400,"_step":400,"validation/score_rul":31987.214235419826,"validation/RMSE":0.3330195251559667,"epoch/train-RMSE":0.3349643212286168,"epoch/val-RMSE":0.3330195251559667}