{"validation/RMSE":0.1016630712215072,"epoch/train-loss":0.012062232646686126,"epoch/val-loss":0.010335380050189243,"epoch/train-RMSE":0.10982819604585212,"_step":10,"epoch/epoch":10,"validation/loss_rul":161.4903123855832,"validation/RMSE_rul":12.70788386733146,"epoch/val-score":0.4017802528568924,"_runtime":21.801642,"_timestamp":1.7386930216671805e+09,"epoch/val-RMSE":0.1016630712215072,"train/loss":0.006834452506154776,"validation/score_rul":155.71914816933415,"_wandb":{"runtime":21},"validation/score":0.4017802528568924,"validation/loss":0.010335380050189243,"train/RMSE":0.08267074758434675}