{"_runtime":62.7155603,"train/RMSE":0.10099110895151803,"train/loss":0.010199204087257385,"validation/loss":0.014758040620885943,"epoch/val-score":0.5282676800390423,"validation/RMSE":0.12148267621717075,"validation/score_rul":180.10638273815607,"_timestamp":1.738333899685057e+09,"epoch/train-loss":0.01019237360407218,"_wandb":{"runtime":62},"epoch/train-RMSE":0.10095728603757224,"validation/loss_rul":230.59438534503852,"_step":9920,"epoch/epoch":20,"validation/score":0.5282676800390423,"epoch/val-loss":0.014758040620885943,"validation/RMSE_rul":15.185334548340991,"epoch/val-RMSE":0.12148267621717075}