{"train/RMSE":0.13201488782857698,"validation/score":1.3269036457128358,"epoch/val-score":1.3269036457128358,"train/loss":0.017427930608391762,"validation/loss_rul":354.6173969982271,"validation/score_rul":1565.5664380796056,"validation/RMSE_rul":18.83128771481725,"epoch/val-RMSE":0.1506503012754415,"_runtime":2023.0438204,"epoch/epoch":400,"epoch/train-loss":0.024892046615451274,"validation/loss":0.022695513274381286,"_wandb":{"runtime":2023},"epoch/train-RMSE":0.15777213510455917,"epoch/val-loss":0.022695513274381286,"_timestamp":1.738419116907754e+09,"validation/RMSE":0.1506503012754415,"_step":400}