{"_timestamp":1.7383348383656278e+09,"_wandb":{"runtime":52},"_runtime":52.323061,"_step":9899,"train/loss":0.005405267234891653,"train/RMSE":0.07352052254229191}