{"validation/RMSE_rul":41.62270827908396,"epoch/epoch":400,"epoch/train-RMSE":0.3349008298631101,"train/RMSE":0.3689207401039259,"validation/loss_rul":1732.449844485724,"_wandb":{"runtime":759},"_runtime":759.3419453,"validation/score_rul":36418.8560165928,"_step":400,"train/loss":0.13610251247882843,"validation/score":3.395778275729582,"_timestamp":1.73841146971242e+09,"epoch/val-score":3.395778275729582,"epoch/train-loss":0.11215856584299982,"epoch/val-loss":0.11087678960072318,"validation/RMSE":0.3329816655624198,"epoch/val-RMSE":0.3329816655624198,"validation/loss":0.11087678960072318}