{"epoch/train-loss":0.025068410667451267,"validation/score":0.5976301652475485,"epoch/epoch":10,"validation/RMSE":0.14375201506943622,"epoch/train-RMSE":0.15833006874075203,"validation/loss":0.020664641836523414,"validation/score_rul":774.8927727586552,"epoch/val-loss":0.020664641836523414,"validation/RMSE_rul":17.96900190930232,"_step":10,"_timestamp":1.7386932097263458e+09,"train/RMSE":0.12094876623782067,"validation/loss_rul":322.8850296165105,"epoch/val-RMSE":0.14375201506943622,"_runtime":57.0399401,"train/loss":0.014628604054450989,"_wandb":{"runtime":57},"epoch/val-score":0.5976301652475485}