{"epoch/train-RMSE":0.10527065504975663,"validation/score":0.6363792785454785,"epoch/train-loss":0.011081910814604853,"_step":20,"epoch/val-RMSE":0.1521766981104333,"epoch/val-loss":0.02315774744779395,"validation/score_rul":258.78563625666965,"validation/loss_rul":361.83980268184973,"_wandb":{"runtime":50},"epoch/val-score":0.6363792785454785,"validation/loss":0.02315774744779395,"validation/RMSE_rul":19.022087232526555,"_runtime":50.010438,"epoch/epoch":20,"train/loss":0.009716535918414593,"train/RMSE":0.09857249067774737,"_timestamp":1.7383369071435072e+09,"validation/RMSE":0.1521766981104333}