{"train/loss":0.01616494730114937,"epoch/val-loss":0.021930396782179923,"_wandb":{"runtime":17},"epoch/epoch":10,"_timestamp":1.7384033743636858e+09,"_step":10,"epoch/train-loss":0.019148702845071572,"validation/loss":0.021930396782179923,"epoch/train-RMSE":0.13837883814034418,"train/RMSE":0.12714144604002806,"epoch/val-RMSE":0.14808915146687796,"validation/RMSE_rul":18.51114389926245,"validation/score_rul":726.3383143915266,"validation/RMSE":0.14808915146687796,"validation/score":1.2109294657971823,"_runtime":17.483407,"validation/loss_rul":342.6624484592014,"epoch/val-score":1.2109294657971823}