{"epoch/epoch":400,"epoch/train-loss":39.00521159396144,"_timestamp":1.738704032849314e+09,"epoch/train-data-loss":17.097428869081995,"epoch/train-score":1311.5699142220956,"epoch/val-score":1123.9157770428137,"epoch/val-physics-loss":9.562131567853026,"_runtime":4172.9436143,"train/data-loss":16.587764739990234,"_wandb":{"runtime":4172},"train/physics-loss":8.725602149963379,"epoch/train-physics-loss":8.661355805296491,"epoch/val-data-loss":16.623517029077767,"train/loss":33.17552947998047,"_step":400,"train/score":352.1225891113281,"epoch/val-loss":33.247034058155535}