{"train/loss":0.012919573113322258,"epoch/epoch":10,"_timestamp":1.7384034128200862e+09,"epoch/train-loss":0.018542088282338134,"validation/loss":0.016012124173110556,"epoch/val-loss":0.016012124173110556,"train/RMSE":0.11366430008284156,"_runtime":17.7546484,"validation/score":1.071700414910869,"epoch/train-RMSE":0.13616933679187151,"_wandb":{"runtime":17},"validation/RMSE":0.12653902233347053,"epoch/val-score":1.071700414910869,"validation/RMSE_rul":15.817377883172142,"validation/loss_rul":250.18944309906325,"epoch/val-RMSE":0.12653902233347053,"validation/score_rul":816.0874692386208,"_step":10}