{"epoch/epoch":400,"validation/score":1.2131743551668086,"epoch/val-RMSE":0.13941766168365788,"validation/score_rul":1191.5984720510735,"epoch/val-score":1.2131743551668086,"_timestamp":1.7384211527540805e+09,"validation/loss_rul":303.70756751005786,"_step":400,"validation/RMSE_rul":17.427207679661645,"validation/RMSE":0.13941766168365788,"epoch/train-loss":0.020723430843913523,"train/RMSE":0.14937484450910768,"validation/loss":0.019437284389338887,"epoch/val-loss":0.019437284389338887,"_wandb":{"runtime":2033},"train/loss":0.022312844172120094,"_runtime":2033.7124612,"epoch/train-RMSE":0.14395635048136474}