{"validation/score":3.3910927142043312,"validation/score_rul":34680.81621293729,"_timestamp":1.7384032332638404e+09,"validation/RMSE":0.33171990274320773,"epoch/train-loss":0.11235246386675708,"train/RMSE":0.29870575537313876,"epoch/val-loss":0.11003809387596318,"validation/loss":0.11003809387596318,"_step":10,"epoch/epoch":10,"epoch/train-RMSE":0.3351901905885032,"train/loss":0.08922512829303741,"epoch/val-score":3.3910927142043312,"_runtime":18.3161664,"epoch/val-RMSE":0.33171990274320773,"validation/RMSE_rul":41.464987546581234,"_wandb":{"runtime":18},"validation/loss_rul":1719.3451922381366}