{"validation/RMSE_rul":17.054893813891436,"validation/loss":0.01861564179775572,"_timestamp":1.7384312934988158e+09,"epoch/val-score":1.1870483341835383,"epoch/epoch":400,"_runtime":2026.1043895,"train/loss":0.012343146838247776,"epoch/train-loss":0.018182955251449393,"train/RMSE":0.11109971574332572,"validation/loss_rul":290.8694030031123,"validation/score":1.1870483341835383,"validation/score_rul":1058.1001718542998,"validation/RMSE":0.13643915053149416,"epoch/train-RMSE":0.13484418879376817,"epoch/val-RMSE":0.13643915053149416,"_wandb":{"runtime":2026},"epoch/val-loss":0.01861564179775572,"_step":400}