{"train/loss":0.13103727996349335,"validation/loss":0.11120702130591699,"epoch/val-loss":0.11120702130591699,"epoch/val-score":3.397118899361431,"_wandb":{"runtime":765},"_step":400,"epoch/epoch":400,"train/RMSE":0.3619907180626229,"validation/score":3.397118899361431,"epoch/train-loss":0.1121997243723586,"epoch/val-RMSE":0.33347716759310075,"_timestamp":1.7384107082510083e+09,"validation/RMSE_rul":41.684645989200845,"validation/RMSE":0.33347716759310075,"validation/loss_rul":1737.6097112449982,"_runtime":765.4930113,"validation/score_rul":27825.57149583057,"epoch/train-RMSE":0.33496227305826337}