{"epoch/epoch":10,"validation/score_rul":29271.833791062287,"epoch/train-loss":0.11237480202230582,"validation/RMSE":0.33201157473872056,"train/loss":0.10614798963069916,"validation/RMSE_rul":41.50144676936341,"epoch/val-score":3.392436474467511,"epoch/train-RMSE":0.33522351054528654,"_timestamp":1.7384033352696612e+09,"validation/loss":0.11023168576048503,"epoch/val-loss":0.11023168576048503,"_runtime":17.446166,"epoch/val-RMSE":0.33201157473872056,"train/RMSE":0.3258036059203445,"_step":10,"_wandb":{"runtime":17},"validation/score":3.392436474467511,"validation/loss_rul":1722.3700839503047}