{"validation/loss_rul":257.5398398148488,"validation/loss":0.01648254972740004,"epoch/val-loss":0.01648254972740004,"validation/score":1.1027854350405508,"epoch/epoch":10,"_wandb":{"runtime":18},"_step":10,"epoch/val-RMSE":0.12838438272391248,"_timestamp":1.7384032957886305e+09,"epoch/train-RMSE":0.1376210076197592,"epoch/train-loss":0.018939541738277818,"train/loss":0.01292052399367094,"validation/RMSE":0.12838438272391248,"epoch/val-score":1.1027854350405508,"validation/RMSE_rul":16.0480478505907,"_runtime":18.5405624,"validation/score_rul":610.082343180462,"train/RMSE":0.11366848285110055}