{"epoch/val-loss":0.020821767449007367,"epoch/val-score":1.262856587852326,"_step":400,"train/loss":0.024232899770140648,"train/RMSE":0.15566919981210364,"_runtime":2023.2826397,"epoch/val-RMSE":0.1442974963365871,"epoch/train-loss":0.020589800524266528,"_wandb":{"runtime":2023},"validation/score":1.262856587852326,"_timestamp":1.738425211257591e+09,"validation/loss_rul":325.340117269692,"epoch/train-RMSE":0.14349146498752643,"epoch/epoch":400,"validation/RMSE":0.1442974963365871,"validation/loss":0.020821767449007367,"validation/score_rul":1273.945003756478,"validation/RMSE_rul":18.03718706643838}