{"_wandb":{"runtime":52},"epoch/val-RMSE":0.10999350091751896,"epoch/epoch":20,"validation/loss":0.012098570244092244,"epoch/train-RMSE":0.0989244366275948,"epoch/val-score":0.5169255781710156,"_runtime":52.9669062,"validation/RMSE_rul":13.749187662398173,"epoch/train-loss":0.00978604416208702,"train/RMSE":0.08353760730196963,"train/loss":0.006978531833738089,"epoch/val-loss":0.012098570244092244,"validation/score":0.5169255781710156,"_step":20,"_timestamp":1.7383359578457384e+09,"validation/RMSE":0.10999350091751896,"validation/loss_rul":189.04016137584213,"validation/score_rul":218.2969585346853}