{"_timestamp":1.738403315900071e+09,"validation/loss":0.015937989671360134,"train/loss":0.01709834858775139,"epoch/train-RMSE":0.1375934470639376,"validation/RMSE":0.12624575110220596,"epoch/val-RMSE":0.12624575110220596,"validation/score":1.0755118672155488,"epoch/epoch":10,"_step":10,"train/RMSE":0.13076065382121407,"epoch/val-score":1.0755118672155488,"validation/RMSE_rul":15.780719001623126,"_wandb":{"runtime":18},"_runtime":18.174424,"epoch/train-loss":0.0189319566749366,"validation/loss_rul":249.03109220818916,"validation/score_rul":673.7370811079534,"epoch/val-loss":0.015937989671360134}